{
  "accuracy": 0.9433,
  "precision_weighted": 0.9437,
  "recall_weighted": 0.9433,
  "f1_weighted": 0.9433,
  "classification_report": {
    "Negative": {
      "precision": 0.9514563106796117,
      "recall": 0.9607843137254902,
      "f1-score": 0.9560975609756097,
      "support": 102.0
    },
    "Neutral": {
      "precision": 0.9207920792079208,
      "recall": 0.9489795918367347,
      "f1-score": 0.9346733668341709,
      "support": 98.0
    },
    "Positive": {
      "precision": 0.9583333333333334,
      "recall": 0.92,
      "f1-score": 0.9387755102040817,
      "support": 100.0
    },
    "accuracy": 0.9433333333333334,
    "macro avg": {
      "precision": 0.943527241073622,
      "recall": 0.9432546351874084,
      "f1-score": 0.9431821460046207,
      "support": 300.0
    },
    "weighted avg": {
      "precision": 0.9437316692834334,
      "recall": 0.9433333333333334,
      "f1-score": 0.9433249739655636,
      "support": 300.0
    }
  },
  "confusion_matrix": [
    [
      98,
      0,
      4
    ],
    [
      5,
      93,
      0
    ],
    [
      0,
      8,
      92
    ]
  ],
  "n_train": 1200,
  "n_test": 300,
  "n_samples": 1500,
  "class_distribution": {
    "Negative": 508,
    "Positive": 499,
    "Neutral": 493
  }
}